ID,CATE,size
1.png,1,21407
10.png,1,10483
100.png,0,27918
101.png,1,23284
102.png,0,31374
103.png,0,17832
104.png,0,16443
105.png,1,31538
106.png,0,28480
107.png,1,11219
108.png,1,29671
109.png,0,23389
11.png,1,33336
110.png,1,16078
111.png,0,22096
112.png,1,30311
113.png,1,14850
114.png,1,7091
115.png,0,5125
116.png,0,21719
117.png,0,48619
118.png,0,26982
119.png,1,28899
12.png,1,27884
120.png,0,17498
121.png,1,16379
122.png,1,13768
123.png,0,9178
124.png,0,26625
125.png,1,61286
126.png,0,10248
127.png,0,38872
128.png,1,29384
129.png,0,12205
13.png,1,26574
130.png,0,4439
131.png,1,36466
132.png,1,11762
133.png,0,35085
134.png,1,10956
135.png,0,9500
136.png,0,27127
137.png,0,5645
138.png,0,29331
139.png,1,52892
14.png,1,33370
140.png,1,33515
141.png,1,9126
142.png,0,10174
143.png,0,4482
144.png,0,18367
145.png,0,11584
146.png,1,20037
147.png,1,42364
148.png,0,20938
149.png,0,14665
15.png,0,42768
150.png,0,17639
151.png,1,29385
152.png,0,6224
153.png,1,29771
154.png,1,26223
155.png,0,18524
156.png,0,13819
157.png,0,39438
158.png,0,10208
159.png,1,12740
16.png,1,26655
160.png,1,11845
161.png,0,6503
162.png,0,65865
163.png,1,15116
164.png,1,55767
165.png,0,5211
166.png,0,30638
167.png,1,9154
168.png,1,16219
169.png,0,56542
17.png,0,7724
170.png,0,7164
171.png,0,29399
172.png,1,7816
173.png,0,4331
174.png,1,13666
175.png,0,4200
176.png,0,10336
177.png,1,30397
178.png,0,16615
179.png,1,17057
18.png,0,11227
180.png,0,24726
181.png,1,9253
182.png,1,11118
183.png,1,16868
184.png,0,13366
185.png,0,15292
186.png,0,12959
187.png,0,43567
188.png,0,12221
189.png,0,4408
19.png,1,45786
190.png,1,31461
191.png,1,7678
192.png,1,13840
193.png,1,33429
194.png,0,40111
195.png,1,17598
196.png,0,57535
197.png,1,12293
198.png,1,3134
199.png,1,15272
2.png,0,5049
20.png,0,16078
200.png,1,19565
201.png,1,8367
202.png,1,19895
203.png,1,33168
204.png,0,13724
205.png,0,25133
206.png,1,8840
207.png,0,9627
208.png,1,14801
209.png,0,8773
21.png,0,4623
210.png,0,4050
211.png,0,15272
212.png,1,34558
213.png,0,12437
214.png,1,17383
215.png,0,11100
22.png,0,14178
23.png,1,11930
24.png,1,20794
25.png,0,33090
26.png,1,8372
27.png,0,16101
28.png,0,8306
29.png,1,10649
3.png,0,17576
30.png,1,10808
31.png,0,21476
32.png,1,8873
33.png,0,15071
34.png,1,10658
35.png,1,39631
36.png,1,19733
37.png,1,29463
38.png,1,8993
39.png,0,16872
4.png,1,8636
40.png,0,31861
41.png,1,42901
42.png,0,33506
43.png,1,12162
44.png,1,25809
45.png,0,23493
46.png,1,8519
47.png,0,29633
48.png,1,14993
49.png,1,58059
5.png,1,3566
50.png,1,47432
51.png,0,10699
52.png,0,9242
53.png,1,10245
54.png,0,21365
55.png,0,6096
56.png,1,12097
57.png,1,7152
58.png,0,31158
59.png,0,15511
6.png,1,34742
60.png,0,16682
61.png,0,9549
62.png,0,9966
63.png,0,34541
64.png,0,10126
65.png,1,11061
66.png,1,22425
67.png,0,15867
68.png,1,12737
69.png,0,9866
7.png,1,27858
70.png,0,32415
71.png,1,26492
72.png,0,26391
73.png,1,10497
74.png,0,27265
75.png,1,9394
76.png,0,10836
77.png,0,16226
78.png,0,28174
79.png,0,13158
8.png,0,15706
80.png,1,14398
81.png,0,5585
82.png,1,10267
83.png,1,24661
84.png,0,12447
85.png,0,13008
86.png,1,13197
87.png,0,54044
88.png,0,24793
89.png,1,8201
9.png,0,15612
90.png,1,17716
91.png,1,30491
92.png,1,14674
93.png,1,9966
94.png,1,26040
95.png,0,3780
96.png,1,59631
97.png,1,15372
98.png,1,23298
99.png,0,4710
